{
  "configVersion": 1,
  "timestamp": 1741222591158,
  "index": "/index.html",
  "assetGroups": [
    {
      "name": "app",
      "installMode": "prefetch",
      "updateMode": "prefetch",
      "cacheQueryOptions": {
        "ignoreVary": true
      },
      "urls": [
        "/chunk-2XJ5YSRS.js",
        "/chunk-3PZJGLW7.js",
        "/chunk-3SFIM7XS.js",
        "/chunk-4U6PRYVA.js",
        "/chunk-4YKAI63M.js",
        "/chunk-5BQQREU4.js",
        "/chunk-6DX4B6A7.js",
        "/chunk-6HOACLGR.js",
        "/chunk-6TZZMML4.js",
        "/chunk-6WXNCXQY.js",
        "/chunk-7HI2BJAU.js",
        "/chunk-7U7MCXHJ.js",
        "/chunk-A5N5KDL6.js",
        "/chunk-B32UALPI.js",
        "/chunk-B5HBKGNO.js",
        "/chunk-DCMKBIRX.js",
        "/chunk-F7XBNY6P.js",
        "/chunk-FBOVUOUV.js",
        "/chunk-FG7BPDZL.js",
        "/chunk-FXNCSDZ5.js",
        "/chunk-GWB6PZGC.js",
        "/chunk-GWV5BYON.js",
        "/chunk-HD4Z3UV2.js",
        "/chunk-HICBNENE.js",
        "/chunk-IODCPFEW.js",
        "/chunk-IVHLYS4C.js",
        "/chunk-J6ICYO4L.js",
        "/chunk-JEVQ7OGM.js",
        "/chunk-JWIEPCRG.js",
        "/chunk-KPUDJ7UO.js",
        "/chunk-LF5XB4YN.js",
        "/chunk-MGOIXNEB.js",
        "/chunk-N6HZNBP6.js",
        "/chunk-NTQINNTP.js",
        "/chunk-OZF36CI3.js",
        "/chunk-QPVVTFFW.js",
        "/chunk-RW4GY4BD.js",
        "/chunk-THTKTNNS.js",
        "/chunk-VB7CPMTT.js",
        "/chunk-Y3WITCIC.js",
        "/chunk-YLM3XN2U.js",
        "/chunk-ZMKWOAT6.js",
        "/chunk-ZORPIJBV.js",
        "/chunk-ZX3L3H2P.js",
        "/index.html",
        "/main-3U4ZM3GH.js",
        "/polyfills-4BK4MXU4.js",
        "/styles-4D6OUHDP.css"
      ],
      "patterns": []
    },
    {
      "name": "assets",
      "installMode": "lazy",
      "updateMode": "prefetch",
      "cacheQueryOptions": {
        "ignoreVary": true
      },
      "urls": [
        "/assets/icon/favicon-old.png",
        "/assets/shapes.svg"
      ],
      "patterns": []
    }
  ],
  "dataGroups": [],
  "hashTable": {
    "/assets/icon/favicon-old.png": "7798b8e0eb61d7375c245af78bbf5c916932bf13",
    "/assets/shapes.svg": "5413e95adabcb2cb639970051f55e0ddb64ace53",
    "/chunk-2XJ5YSRS.js": "66300956e2032cb755867e5cb1bfb5cf28ae5ef9",
    "/chunk-3PZJGLW7.js": "b87c38e9c9231d5905c72a9474dd272b9a692d0e",
    "/chunk-3SFIM7XS.js": "ad8a1d20ac03ac4849926eeb890c782ef183025f",
    "/chunk-4U6PRYVA.js": "9e30195ad097d196c078f554a2965eb758d96e70",
    "/chunk-4YKAI63M.js": "ae8bdeb5a026ffd77026031441a8aa7507560e2c",
    "/chunk-5BQQREU4.js": "7427ebc1b774cd3db353b66818cd7fbf54e9f25a",
    "/chunk-6DX4B6A7.js": "f7a5fcb5bc73191703861e4289d0cac3efb1eadc",
    "/chunk-6HOACLGR.js": "f75f90dbb20b03b9f9e6aff80d6f67f0fde6eaa8",
    "/chunk-6TZZMML4.js": "9da467873145f703688473045dbd89d243e8e477",
    "/chunk-6WXNCXQY.js": "f29581e1b6656b76f6fc0668c8e4c29dde7274aa",
    "/chunk-7HI2BJAU.js": "8f028eba0bdba9ff37fd3bfbee3752ae05e5cb77",
    "/chunk-7U7MCXHJ.js": "45c2ca0231b2f9934a09a8d8368754f836abda7f",
    "/chunk-A5N5KDL6.js": "6ab4a148fcdb7e5459c80316ee70ec315ac02410",
    "/chunk-B32UALPI.js": "25147871282486b969d74526583e1d8e069b0bbc",
    "/chunk-B5HBKGNO.js": "5fd5c92ed6d761378c0dd533742a91a7b080c34f",
    "/chunk-DCMKBIRX.js": "372d723d618114048dd15f7a6834e43922b8b820",
    "/chunk-F7XBNY6P.js": "f8aa0d06431c3ca3e5a7aa7435cfbea110325570",
    "/chunk-FBOVUOUV.js": "f1bc2e3c6dc7739cd7bcec3c0720ab2def3f7322",
    "/chunk-FG7BPDZL.js": "9d34fe75e59b40f5113ac615ceb777caa2bddfa6",
    "/chunk-FXNCSDZ5.js": "9c32d267b7b0abd1eb814b6ccff27038ac63737b",
    "/chunk-GWB6PZGC.js": "063cc30d1780f1ec5b7eed2c368c280d2e129325",
    "/chunk-GWV5BYON.js": "cfa165cbcc0e9398da8e6caec6d7d94c70befb53",
    "/chunk-HD4Z3UV2.js": "3c7c7f72c543563dae3e34d73dd39430e7e7343b",
    "/chunk-HICBNENE.js": "2ddb0a446a0a9a2298931ee2928a82642c1a3ead",
    "/chunk-IODCPFEW.js": "d28c40d7a766cf3878c16e589e7de156b763f752",
    "/chunk-IVHLYS4C.js": "7fc7bb4b129a4bca21677f8a2ed616b8f453972f",
    "/chunk-J6ICYO4L.js": "4c882dddf614ea8004c9d32e2335adba14bbb683",
    "/chunk-JEVQ7OGM.js": "7dab2cb32b8179caf5c23b9f7db885bbd2f95b90",
    "/chunk-JWIEPCRG.js": "104ff638d87da5f2536325165739ff022630bb21",
    "/chunk-KPUDJ7UO.js": "f3bf3b9147cb070a101beb9ef950fbf221ed3744",
    "/chunk-LF5XB4YN.js": "9a4312a44cc8ab8573488a48a18c01a6bb352c6b",
    "/chunk-MGOIXNEB.js": "cb0b5f21ef6ad9eb838ccc7897629bae3f5cd0de",
    "/chunk-N6HZNBP6.js": "50d7a3f02ec2bac7e2ed29e4cfb2dccd9f19de0d",
    "/chunk-NTQINNTP.js": "cc5208f32a97bb8f561c4aa75449018ad35ef349",
    "/chunk-OZF36CI3.js": "18a20fc6dddbae10bf1189c441879a6a174fc142",
    "/chunk-QPVVTFFW.js": "37dcfe3f11786beac0b8e8618fcc015479b66356",
    "/chunk-RW4GY4BD.js": "3d5a038001962181ddcf2536f9e5176de9900099",
    "/chunk-THTKTNNS.js": "7eae2e17260b750cf1c29b2368bfdbfe5ec4f301",
    "/chunk-VB7CPMTT.js": "cb1f12f8c52ada387c34855232772afed842771e",
    "/chunk-Y3WITCIC.js": "dd1c5a6324124cdab9ded2570167ab3e3189e994",
    "/chunk-YLM3XN2U.js": "ac6f3e7b49a36f1de187feca163f86c8afffd899",
    "/chunk-ZMKWOAT6.js": "ae185ee32979fa9de7e6d0c85cfb11dc66ec3d2b",
    "/chunk-ZORPIJBV.js": "de08ff4f468c3b7b883cde2083a687541b6611c8",
    "/chunk-ZX3L3H2P.js": "3f708d2ce30fa5f0b93e5e543b94a7d096579051",
    "/index.html": "76e3f3d3ba56bf5a5c9393aa8ee763abe20a5564",
    "/main-3U4ZM3GH.js": "99099d2d21f90a283e5de171005b6b1a3349f2cf",
    "/polyfills-4BK4MXU4.js": "7c4f227d903e5f73f74de3a6b4c92540577323fc",
    "/styles-4D6OUHDP.css": "0d2bab651dbc8259ffae9886044fb2c10c0e3b40"
  },
  "navigationUrls": [
    {
      "positive": true,
      "regex": "^\\/.*$"
    },
    {
      "positive": false,
      "regex": "^\\/(?:.+\\/)?[^/]*\\.[^/]*$"
    },
    {
      "positive": false,
      "regex": "^\\/(?:.+\\/)?[^/]*__[^/]*$"
    },
    {
      "positive": false,
      "regex": "^\\/(?:.+\\/)?[^/]*__[^/]*\\/.*$"
    }
  ],
  "navigationRequestStrategy": "performance"
}