{
  "configVersion": 1,
  "timestamp": 1741266209236,
  "index": "/index.html",
  "assetGroups": [
    {
      "name": "app",
      "installMode": "prefetch",
      "updateMode": "prefetch",
      "cacheQueryOptions": {
        "ignoreVary": true
      },
      "urls": [
        "/chunk-4U6PRYVA.js",
        "/chunk-4YKAI63M.js",
        "/chunk-4ZKLFFN2.js",
        "/chunk-5RMZMOZ6.js",
        "/chunk-6DX4B6A7.js",
        "/chunk-6HOACLGR.js",
        "/chunk-7HI2BJAU.js",
        "/chunk-7NHEI4TO.js",
        "/chunk-7U7MCXHJ.js",
        "/chunk-A5N5KDL6.js",
        "/chunk-AOMWW4TI.js",
        "/chunk-BDUKKDA7.js",
        "/chunk-C4RSDKSX.js",
        "/chunk-CBS4VM6G.js",
        "/chunk-CED5II7B.js",
        "/chunk-CXCFXRQ2.js",
        "/chunk-DCMKBIRX.js",
        "/chunk-DV6BPJDQ.js",
        "/chunk-F7XBNY6P.js",
        "/chunk-FIJWEAN7.js",
        "/chunk-GWV5BYON.js",
        "/chunk-HCDRCLU3.js",
        "/chunk-J6ICYO4L.js",
        "/chunk-JEVQ7OGM.js",
        "/chunk-JWIEPCRG.js",
        "/chunk-LBPBNHWT.js",
        "/chunk-LF5XB4YN.js",
        "/chunk-MARZPKXK.js",
        "/chunk-MTL42VGP.js",
        "/chunk-MXNGKE4X.js",
        "/chunk-N6HZNBP6.js",
        "/chunk-NTQINNTP.js",
        "/chunk-O7MSC4QW.js",
        "/chunk-OQ47QXEH.js",
        "/chunk-OZF36CI3.js",
        "/chunk-QHXKUESM.js",
        "/chunk-QPVVTFFW.js",
        "/chunk-RW4GY4BD.js",
        "/chunk-S4UVHC2L.js",
        "/chunk-THTKTNNS.js",
        "/chunk-X6FTWTI3.js",
        "/index.html",
        "/main-HQCNZHNH.js",
        "/polyfills-4BK4MXU4.js",
        "/styles-4D6OUHDP.css"
      ],
      "patterns": []
    },
    {
      "name": "assets",
      "installMode": "lazy",
      "updateMode": "prefetch",
      "cacheQueryOptions": {
        "ignoreVary": true
      },
      "urls": [
        "/assets/icon/default.png",
        "/assets/icon/favicon-old.png",
        "/assets/shapes.svg"
      ],
      "patterns": []
    }
  ],
  "dataGroups": [],
  "hashTable": {
    "/assets/icon/default.png": "46bb3f7892d6b2d7052392d27cbae23e1154c6aa",
    "/assets/icon/favicon-old.png": "7798b8e0eb61d7375c245af78bbf5c916932bf13",
    "/assets/shapes.svg": "5413e95adabcb2cb639970051f55e0ddb64ace53",
    "/chunk-4U6PRYVA.js": "9e30195ad097d196c078f554a2965eb758d96e70",
    "/chunk-4YKAI63M.js": "ae8bdeb5a026ffd77026031441a8aa7507560e2c",
    "/chunk-4ZKLFFN2.js": "08fac3cb9fd0ff468afb8659c7da6b1fd59ddae1",
    "/chunk-5RMZMOZ6.js": "712126c669bfddc1ff10a54bc1ff8818697b2df9",
    "/chunk-6DX4B6A7.js": "f7a5fcb5bc73191703861e4289d0cac3efb1eadc",
    "/chunk-6HOACLGR.js": "f75f90dbb20b03b9f9e6aff80d6f67f0fde6eaa8",
    "/chunk-7HI2BJAU.js": "8f028eba0bdba9ff37fd3bfbee3752ae05e5cb77",
    "/chunk-7NHEI4TO.js": "278137f17734ff9d64f4c0cc98e9dfb84fa8a791",
    "/chunk-7U7MCXHJ.js": "45c2ca0231b2f9934a09a8d8368754f836abda7f",
    "/chunk-A5N5KDL6.js": "6ab4a148fcdb7e5459c80316ee70ec315ac02410",
    "/chunk-AOMWW4TI.js": "03327948c42dd7a5387e4329f3bcca8499b05c33",
    "/chunk-BDUKKDA7.js": "e7a782a8b3acb5bdc78459502dde398c85740d9b",
    "/chunk-C4RSDKSX.js": "3e86d28f014785062f787dc11643646d74554542",
    "/chunk-CBS4VM6G.js": "049cb37b778c324cd03203bb8292e7fe248ffa42",
    "/chunk-CED5II7B.js": "6157157096a0b2bf279600f01a74cf9ca248c7cf",
    "/chunk-CXCFXRQ2.js": "dd8699005ebf6a15dab4dc6ec3402dfc73d36532",
    "/chunk-DCMKBIRX.js": "372d723d618114048dd15f7a6834e43922b8b820",
    "/chunk-DV6BPJDQ.js": "38f252636ea03813a20b7f475fda12b95e892392",
    "/chunk-F7XBNY6P.js": "f8aa0d06431c3ca3e5a7aa7435cfbea110325570",
    "/chunk-FIJWEAN7.js": "34bba3d70a0a0c82df024fd735e3df684b2003c3",
    "/chunk-GWV5BYON.js": "cfa165cbcc0e9398da8e6caec6d7d94c70befb53",
    "/chunk-HCDRCLU3.js": "8375a873f4292c18303fdc6f552713df3ae43226",
    "/chunk-J6ICYO4L.js": "4c882dddf614ea8004c9d32e2335adba14bbb683",
    "/chunk-JEVQ7OGM.js": "7dab2cb32b8179caf5c23b9f7db885bbd2f95b90",
    "/chunk-JWIEPCRG.js": "104ff638d87da5f2536325165739ff022630bb21",
    "/chunk-LBPBNHWT.js": "79eccce146ca3cc76ac7767ce3ed09d989182867",
    "/chunk-LF5XB4YN.js": "9a4312a44cc8ab8573488a48a18c01a6bb352c6b",
    "/chunk-MARZPKXK.js": "e892e52d26deb2e591d6be5784686ddbfb00f705",
    "/chunk-MTL42VGP.js": "43506eae027900154c2cb61251806022579f4f6a",
    "/chunk-MXNGKE4X.js": "e1e404f81555a07c0c3d95a0861f2815e5ad5507",
    "/chunk-N6HZNBP6.js": "50d7a3f02ec2bac7e2ed29e4cfb2dccd9f19de0d",
    "/chunk-NTQINNTP.js": "cc5208f32a97bb8f561c4aa75449018ad35ef349",
    "/chunk-O7MSC4QW.js": "f29d47737398d3318472dc795007133fee8dec60",
    "/chunk-OQ47QXEH.js": "af157cc8db633a5f32b9447768f9cbc2ab24d774",
    "/chunk-OZF36CI3.js": "18a20fc6dddbae10bf1189c441879a6a174fc142",
    "/chunk-QHXKUESM.js": "f28df1724923912e90e9bf073e3ea41e9441fb49",
    "/chunk-QPVVTFFW.js": "37dcfe3f11786beac0b8e8618fcc015479b66356",
    "/chunk-RW4GY4BD.js": "3d5a038001962181ddcf2536f9e5176de9900099",
    "/chunk-S4UVHC2L.js": "63f6088ff97ced6c25b823d0de3897bfa98fe07f",
    "/chunk-THTKTNNS.js": "7eae2e17260b750cf1c29b2368bfdbfe5ec4f301",
    "/chunk-X6FTWTI3.js": "16f049d9185da975fb162d3f4042ca8f5b631a58",
    "/index.html": "951cb1bacad9bcdbb74de3ca07c211545f15b138",
    "/main-HQCNZHNH.js": "d6490d2b32204a9c62a5f582d582c605ac4421a9",
    "/polyfills-4BK4MXU4.js": "7c4f227d903e5f73f74de3a6b4c92540577323fc",
    "/styles-4D6OUHDP.css": "0d2bab651dbc8259ffae9886044fb2c10c0e3b40"
  },
  "navigationUrls": [
    {
      "positive": true,
      "regex": "^\\/.*$"
    },
    {
      "positive": false,
      "regex": "^\\/(?:.+\\/)?[^/]*\\.[^/]*$"
    },
    {
      "positive": false,
      "regex": "^\\/(?:.+\\/)?[^/]*__[^/]*$"
    },
    {
      "positive": false,
      "regex": "^\\/(?:.+\\/)?[^/]*__[^/]*\\/.*$"
    }
  ],
  "navigationRequestStrategy": "performance"
}